Date,lifetime_likes,lifetime_likes_f13-17,lifetime_likes_f18-24,lifetime_likes_f25-34,lifetime_likes_f35-44,lifetime_likes_f45-54,lifetime_likes_f55-64,lifetime_likes_f65plus,lifetime_likes_m13-17,lifetime_likes_m18-24,lifetime_likes_m25-34,lifetime_likes_m35-44,lifetime_likes_m45-54,lifetime_likes_m55-64,lifetime_likes_m65plus,lifetime_likes_u18-24,lifetime_likes_u25-34,lifetime_likes_u35-44,lifetime_likes_u45-54,lifetime_likes_u55-64,daily_engaged,daily_talking
1/1/2014,0,0,0,0,0,0,0,0,0,0,0,0,0,0,0,0,0,0,0,0,0,0
1/2/2014,0,0,0,0,0,0,0,0,0,0,0,0,0,0,0,0,0,0,0,0,0,0
1/3/2014,0,0,0,0,0,0,0,0,0,0,0,0,0,0,0,0,0,0,0,0,0,0
1/4/2014,0,0,0,0,0,0,0,0,0,0,0,0,0,0,0,0,0,0,0,0,0,0
1/5/2014,0,0,0,0,0,0,0,0,0,0,0,0,0,0,0,0,0,0,0,0,0,0
1/6/2014,0,0,0,0,0,0,0,0,0,0,0,0,0,0,0,0,0,0,0,0,0,0
1/7/2014,0,0,0,0,0,0,0,0,0,0,0,0,0,0,0,0,0,0,0,0,0,0
1/8/2014,0,0,0,0,0,0,0,0,0,0,0,0,0,0,0,0,0,0,0,0,0,0
1/9/2014,0,0,0,0,0,0,0,0,0,0,0,0,0,0,0,0,0,0,0,0,0,0
1/10/2014,0,0,0,0,0,0,0,0,0,0,0,0,0,0,0,0,0,0,0,0,0,0
1/11/2014,0,0,0,0,0,0,0,0,0,0,0,0,0,0,0,0,0,0,0,0,0,0
1/12/2014,0,0,0,0,0,0,0,0,0,0,0,0,0,0,0,0,0,0,0,0,0,0
1/13/2014,0,0,0,0,0,0,0,0,0,0,0,0,0,0,0,0,0,0,0,0,0,0
1/14/2014,0,0,0,0,0,0,0,0,0,0,0,0,0,0,0,0,0,0,0,0,0,
1/15/2014,0,0,0,0,0,0,0,0,0,0,0,0,0,0,0,0,0,0,0,0,0,0
1/16/2014,0,0,0,0,0,0,0,0,0,0,0,0,0,0,0,0,0,0,0,0,0,0
1/17/2014,0,0,0,0,0,0,0,0,0,0,0,0,0,0,0,0,0,0,0,0,0,0
1/18/2014,0,0,0,0,0,0,0,0,0,0,0,0,0,0,0,0,0,0,0,0,0,0
1/19/2014,0,0,0,0,0,0,0,0,0,0,0,0,0,0,0,0,0,0,0,0,0,0
1/20/2014,0,0,0,0,0,0,0,0,0,0,0,0,0,0,0,0,0,0,0,0,0,0
1/21/2014,0,0,0,0,0,0,0,0,0,0,0,0,0,0,0,0,0,0,0,0,0,0
1/22/2014,0,0,0,0,0,0,0,0,0,0,0,0,0,0,0,0,0,0,0,0,0,0
1/23/2014,0,0,0,0,0,0,0,0,0,0,0,0,0,0,0,0,0,0,0,0,0,0
1/24/2014,0,0,0,0,0,0,0,0,0,0,0,0,0,0,0,0,0,0,0,0,0,0
1/25/2014,0,0,0,0,0,0,0,0,0,0,0,0,0,0,0,0,0,0,0,0,0,0
1/26/2014,0,0,0,0,0,0,0,0,0,0,0,0,0,0,0,0,0,0,0,0,0,0
1/27/2014,0,0,0,0,0,0,0,0,0,0,0,0,0,0,0,0,0,0,0,0,0,0
1/28/2014,0,0,0,0,0,0,0,0,0,0,0,0,0,0,0,0,0,0,0,0,0,0
1/29/2014,0,0,0,0,0,0,0,0,0,0,0,0,0,0,0,0,0,0,0,0,0,0
1/30/2014,0,0,0,0,0,0,0,0,0,0,0,0,0,0,0,0,0,0,0,0,0,0
1/31/2014,0,0,0,0,0,0,0,0,0,0,0,0,0,0,0,0,0,0,0,0,0,0
2/1/2014,0,0,0,0,0,0,0,0,0,0,0,0,0,0,0,0,0,0,0,0,0,0
2/2/2014,0,0,0,0,0,0,0,0,0,0,0,0,0,0,0,0,0,0,0,0,0,0
2/3/2014,0,0,0,0,0,0,0,0,0,0,0,0,0,0,0,0,0,0,0,0,0,0
2/4/2014,0,0,0,0,0,0,0,0,0,0,0,0,0,0,0,0,0,0,0,0,0,0
2/5/2014,0,0,0,0,0,0,0,0,0,0,0,0,0,0,0,0,0,0,0,0,0,0
2/6/2014,0,0,0,0,0,0,0,0,0,0,0,0,0,0,0,0,0,0,0,0,0,0
2/7/2014,0,0,0,0,0,0,0,0,0,0,0,0,0,0,0,0,0,0,0,0,0,0
2/8/2014,0,0,0,0,0,0,0,0,0,0,0,0,0,0,0,0,0,0,0,0,0,0
2/9/2014,0,0,0,0,0,0,0,0,0,0,0,0,0,0,0,0,0,0,0,0,0,0
2/10/2014,0,0,0,0,0,0,0,0,0,0,0,0,0,0,0,0,0,0,0,0,0,0
2/11/2014,0,0,0,0,0,0,0,0,0,0,0,0,0,0,0,0,0,0,0,0,0,0
2/12/2014,107,0,13,10,1,0,1,0,0,34,26,14,3,0,3,0,1,0,1,0,0,0
2/13/2014,107,0,13,10,1,0,1,0,0,34,26,14,3,0,3,0,1,0,1,0,0,0
2/14/2014,107,0,13,10,1,0,1,0,0,34,26,14,3,0,3,0,1,0,1,0,0,0
2/15/2014,107,0,13,10,1,0,1,0,0,34,26,14,3,0,3,0,1,0,1,0,0,0
2/16/2014,108,0,13,10,1,0,1,0,0,34,27,14,3,0,3,0,1,0,1,0,1,1
2/17/2014,123,0,13,13,1,1,1,0,0,37,31,16,4,0,3,1,1,0,1,0,39,27
2/18/2014,125,0,13,13,2,1,1,0,0,37,32,16,4,0,3,1,1,0,1,0,14,
2/19/2014,126,0,14,13,2,1,1,0,0,37,32,16,4,0,3,1,1,0,1,0,7,4
2/20/2014,126,0,14,13,2,1,1,0,0,37,32,16,4,0,3,1,1,0,1,0,0,0
2/21/2014,126,0,14,13,2,1,1,0,0,37,32,16,4,0,3,1,1,0,1,0,0,0
2/22/2014,126,0,14,13,2,1,1,0,0,37,32,16,4,0,3,1,1,0,1,0,2,1
2/23/2014,127,0,14,13,2,1,1,0,0,37,33,16,4,0,3,1,1,0,1,0,1,1
2/24/2014,127,0,14,13,2,1,1,0,0,37,33,16,4,0,3,1,1,0,1,0,1,0
2/25/2014,128,0,14,13,2,1,1,0,0,37,34,16,4,0,3,1,1,0,1,0,4,2
2/26/2014,128,0,14,13,2,1,1,0,0,37,34,16,4,0,3,1,1,0,1,0,1,0
2/27/2014,128,0,14,13,2,1,1,0,0,37,34,16,4,0,3,1,1,0,1,0,0,0
2/28/2014,128,0,14,13,2,1,1,0,0,37,34,16,4,0,3,1,1,0,1,0,,
3/1/2014,129,0,14,13,2,1,1,0,0,38,34,16,4,0,3,1,1,0,1,0,,
3/2/2014,129,0,14,13,2,1,1,0,0,38,34,16,4,0,3,1,1,0,1,0,,
3/3/2014,129,0,14,13,2,1,1,0,0,38,34,16,4,0,3,1,1,0,1,0,,
3/4/2014,129,0,14,13,2,1,1,0,0,38,34,16,4,0,3,1,1,0,1,0,,
3/5/2014,130,0,14,12,3,2,1,0,0,38,34,16,4,0,3,1,1,0,1,0,,
3/6/2014,130,0,14,12,3,2,1,0,0,38,34,16,4,0,3,1,1,0,1,0,,
3/7/2014,131,0,14,12,3,2,1,0,0,38,34,16,4,0,4,1,1,0,1,0,,
3/8/2014,131,0,14,12,3,2,1,0,0,38,34,16,4,0,4,1,1,0,1,0,,
3/9/2014,131,0,14,12,3,2,1,0,0,38,34,16,4,0,4,1,1,0,1,0,,
3/10/2014,131,0,14,12,3,2,1,0,0,38,34,16,4,0,4,1,1,0,1,0,,
3/11/2014,131,0,14,12,3,2,1,0,0,38,34,16,4,0,4,1,1,0,1,0,,
3/12/2014,131,0,14,12,3,2,1,0,0,38,34,16,4,0,4,1,1,0,1,0,,
3/13/2014,151,0,14,12,5,6,1,0,0,38,34,20,13,1,4,1,1,0,1,0,,
3/14/2014,155,0,14,12,6,6,1,0,0,38,34,21,15,1,4,1,1,0,1,0,,
3/15/2014,155,0,14,12,6,6,1,0,0,38,34,21,15,1,4,1,1,0,1,0,,
3/16/2014,155,0,14,12,6,6,1,0,0,38,34,21,15,1,4,1,1,0,1,0,,
3/17/2014,155,0,14,12,6,6,1,0,0,38,34,21,15,1,4,1,1,0,1,0,,
3/18/2014,155,0,14,12,6,6,1,0,0,38,34,21,15,1,4,1,1,0,1,0,,
3/19/2014,156,0,14,12,6,7,1,0,0,38,34,21,15,1,4,1,1,0,1,0,,
3/20/2014,161,0,14,13,7,7,1,0,0,38,35,22,16,1,4,1,1,0,1,0,,
3/21/2014,161,0,14,13,7,7,1,0,0,38,35,22,16,1,4,1,1,0,1,0,,
3/22/2014,161,0,14,13,7,7,1,0,0,38,35,22,16,1,4,1,1,0,1,0,,
3/23/2014,161,0,14,13,7,7,1,0,0,38,35,22,16,1,4,1,1,0,1,0,,
3/24/2014,161,0,14,13,7,7,1,0,0,38,35,22,16,1,4,1,1,0,1,0,,
3/25/2014,162,0,15,13,7,7,1,0,0,38,35,22,16,1,4,1,1,0,1,0,,
3/26/2014,163,0,15,13,7,7,1,0,0,39,35,22,16,1,4,1,1,0,1,0,,
3/27/2014,163,0,15,13,7,7,1,0,0,39,35,22,16,1,4,1,1,0,1,0,,
3/28/2014,164,0,15,14,7,7,1,0,0,39,35,22,16,1,4,1,1,0,1,0,,
3/29/2014,164,0,15,14,7,7,1,0,0,39,35,22,16,1,4,1,1,0,1,0,,
3/30/2014,164,0,15,14,7,7,1,0,0,39,35,22,16,1,4,1,1,0,1,0,,
3/31/2014,164,0,15,14,7,7,1,0,0,39,35,22,16,1,4,1,1,0,1,0,,
4/1/2014,164,0,15,14,7,7,1,0,0,39,35,22,16,1,4,1,1,0,1,0,,
4/2/2014,164,0,15,14,7,7,1,0,0,39,35,22,16,1,4,1,1,0,1,0,,
4/3/2014,164,0,15,14,7,7,1,0,0,39,35,22,16,1,4,1,1,0,1,0,,
4/4/2014,164,0,15,14,7,7,1,0,0,39,35,22,16,1,4,1,1,0,1,0,,
4/5/2014,164,0,15,14,7,7,1,0,0,39,35,22,16,1,4,1,1,0,1,0,,
4/6/2014,164,0,15,14,7,7,1,0,0,39,35,22,16,1,4,1,1,0,1,0,,
4/7/2014,165,0,15,14,8,7,1,0,0,39,35,22,16,1,4,1,1,0,1,0,,
4/8/2014,165,0,15,14,8,7,1,0,0,39,35,22,16,1,4,1,1,0,1,0,,
4/9/2014,165,0,15,14,8,7,1,0,0,39,35,22,16,1,4,1,1,0,1,0,,
4/10/2014,165,0,15,14,8,7,1,0,0,39,35,22,16,1,4,1,1,0,1,0,,
4/11/2014,165,0,15,14,8,7,1,0,0,39,35,22,16,1,4,1,1,0,1,0,,
4/12/2014,165,0,15,14,8,7,1,0,0,39,35,22,16,1,4,1,1,0,1,0,,
4/13/2014,165,0,15,14,8,7,1,0,0,39,35,22,16,1,4,1,1,0,1,0,,
4/14/2014,165,0,15,14,8,7,1,0,0,39,35,22,16,1,4,1,1,0,1,0,,
4/15/2014,165,0,15,14,8,7,1,0,0,39,35,22,16,1,4,1,1,0,1,0,,
4/16/2014,165,0,15,14,8,7,1,0,0,39,35,22,16,1,4,1,1,0,1,0,,
4/17/2014,165,0,15,14,8,7,1,0,0,38,36,22,16,1,4,1,1,0,1,0,,
4/18/2014,165,0,15,14,8,7,1,0,0,38,36,22,16,1,4,1,1,0,1,0,,
4/19/2014,165,0,15,14,8,7,1,0,0,38,36,22,16,1,4,1,1,0,1,0,,
4/20/2014,165,0,15,14,8,7,1,0,0,38,36,22,16,1,4,1,1,0,1,0,,
4/21/2014,165,0,15,14,8,7,1,0,0,38,36,22,16,1,4,1,1,0,1,0,,
4/22/2014,166,0,15,14,8,7,1,0,0,38,37,22,16,1,4,1,1,0,1,0,,
4/23/2014,167,0,15,14,8,7,1,0,0,38,37,23,16,1,4,1,1,0,1,0,,
4/24/2014,167,0,15,14,8,7,1,0,0,38,37,23,16,1,4,1,1,0,1,0,,
4/25/2014,167,0,15,14,8,7,1,0,0,38,37,23,16,1,4,1,1,0,1,0,,
4/26/2014,167,0,15,14,8,7,1,0,0,38,37,23,16,1,4,1,1,0,1,0,,
4/27/2014,167,0,15,14,8,7,1,0,0,38,37,23,16,1,4,1,1,0,1,0,,
4/28/2014,168,0,16,14,8,7,1,0,0,38,37,23,16,1,4,1,1,0,1,0,,
4/29/2014,168,0,16,14,8,7,1,0,0,38,37,23,16,1,4,1,1,0,1,0,,
4/30/2014,167,0,16,14,8,7,1,0,0,38,36,23,16,1,4,1,1,0,1,0,,
5/1/2014,168,0,16,15,8,7,1,0,0,38,36,23,16,1,4,1,1,0,1,0,,
5/2/2014,168,0,16,15,8,7,1,0,0,38,36,23,16,1,4,1,1,0,1,0,,
5/3/2014,168,0,16,15,8,7,1,0,0,38,36,23,16,1,4,1,1,0,1,0,,
5/4/2014,168,0,16,15,8,7,1,0,0,38,36,23,16,1,4,1,1,0,1,0,,
5/5/2014,168,0,16,15,8,7,1,0,0,38,36,23,16,1,4,1,1,0,1,0,,
5/6/2014,168,0,16,15,8,7,1,0,0,38,36,23,16,1,4,1,1,0,1,0,,
5/7/2014,168,0,16,15,8,7,1,0,0,38,36,23,16,1,4,1,1,0,1,0,,
5/8/2014,168,0,16,15,8,7,1,0,0,38,36,23,16,1,4,1,1,0,1,0,,
5/9/2014,169,0,16,15,8,7,1,0,0,39,36,23,16,1,4,1,1,0,1,0,,
5/10/2014,169,0,16,15,8,7,1,0,0,39,36,23,16,1,4,1,1,0,1,0,,
5/11/2014,169,0,16,15,8,7,1,0,0,39,36,23,16,1,4,1,1,0,1,0,,
5/12/2014,169,0,16,15,8,7,1,0,0,39,36,23,16,1,4,1,1,0,1,0,,
5/13/2014,169,0,16,15,8,7,1,0,0,39,36,23,16,1,4,1,1,0,1,0,,
5/14/2014,169,0,16,15,8,7,1,0,0,39,36,23,16,1,4,1,1,0,1,0,,
5/15/2014,170,0,16,15,8,7,1,0,0,39,37,23,16,1,4,1,1,0,1,0,,
5/16/2014,170,0,16,15,8,7,1,0,0,39,37,23,16,1,4,1,1,0,1,0,,
5/17/2014,170,0,16,15,8,7,1,0,0,39,37,23,16,1,4,1,1,0,1,0,,
5/18/2014,170,0,16,15,8,7,1,0,0,39,37,23,16,1,4,1,1,0,1,0,,
5/19/2014,170,0,16,15,8,7,1,0,0,39,37,23,16,1,4,1,1,0,1,0,,
5/20/2014,171,0,16,15,8,7,1,0,0,40,37,23,16,1,4,1,1,0,1,0,,
5/21/2014,171,0,16,15,8,7,1,0,0,40,37,23,16,1,4,1,1,0,1,0,,
5/22/2014,171,0,16,15,8,7,1,0,0,40,37,23,16,1,4,1,1,0,1,0,,
5/23/2014,171,0,16,15,8,7,1,0,0,40,37,23,16,1,4,1,1,0,1,0,,
5/24/2014,171,0,16,15,8,7,1,0,0,40,37,23,16,1,4,1,1,0,1,0,,
5/25/2014,171,0,16,15,8,7,1,0,0,40,37,23,16,1,4,1,1,0,1,0,,
5/26/2014,171,0,16,15,8,7,1,0,0,40,37,23,16,1,4,1,1,0,1,0,,
5/27/2014,171,0,16,15,8,7,1,0,0,40,37,23,16,1,4,1,1,0,1,0,,
5/28/2014,172,0,16,15,9,7,1,0,0,40,37,23,16,1,4,1,1,0,1,0,,
5/29/2014,172,0,16,15,9,7,1,0,0,40,37,23,16,1,4,1,1,0,1,0,,
5/30/2014,173,0,16,15,9,7,1,0,0,41,37,23,16,1,4,1,1,0,1,0,,
5/31/2014,173,0,16,15,9,7,1,0,0,41,37,23,16,1,4,1,1,0,1,0,,
6/1/2014,173,0,16,15,9,7,1,0,0,41,37,23,16,1,4,1,1,0,1,0,,
6/2/2014,173,0,16,15,9,7,1,0,0,41,37,23,16,1,4,1,1,0,1,0,,
6/3/2014,173,0,16,15,9,7,1,0,0,41,37,23,16,1,4,1,1,0,1,0,,
6/4/2014,173,0,16,15,9,7,1,0,0,41,37,23,16,1,4,1,1,0,1,0,,
6/5/2014,173,0,16,15,9,7,1,0,0,41,37,23,16,1,4,1,1,0,1,0,,
6/6/2014,173,0,15,16,9,7,1,0,0,40,38,23,16,1,4,1,1,0,1,0,,
6/7/2014,173,0,15,16,9,7,1,0,0,40,38,23,16,1,4,1,1,0,1,0,,
6/8/2014,173,0,15,16,9,7,1,0,0,40,38,23,16,1,4,1,1,0,1,0,,
6/9/2014,173,0,15,16,9,7,1,0,0,40,37,24,16,1,4,1,1,0,1,0,,
6/10/2014,173,0,15,16,9,7,1,0,0,40,37,24,16,1,4,1,1,0,1,0,,
6/11/2014,173,0,15,16,9,7,1,0,0,40,37,24,16,1,4,1,1,0,1,0,,
6/12/2014,173,0,15,16,9,7,1,0,0,41,37,24,16,1,3,1,1,0,1,0,,
6/13/2014,173,0,15,16,9,7,1,0,0,41,37,24,16,1,3,1,1,0,1,0,,
6/14/2014,173,0,15,16,9,7,1,0,0,40,38,24,16,1,3,1,1,0,1,0,,
6/15/2014,173,0,15,16,9,7,1,0,0,40,37,25,16,1,3,1,1,0,1,0,,
6/16/2014,173,0,15,16,9,7,1,0,0,40,37,25,16,1,3,1,1,0,1,0,,
6/17/2014,173,0,15,16,9,7,1,0,0,40,37,25,16,1,3,1,1,0,1,0,,
6/18/2014,173,0,15,16,9,7,1,0,0,40,37,25,16,1,3,1,1,0,1,0,,
6/19/2014,173,0,15,16,9,7,1,0,0,40,37,25,16,1,3,1,1,0,1,0,,
6/20/2014,173,0,15,16,9,7,1,0,0,40,37,25,16,1,3,1,1,0,1,0,,
6/21/2014,173,0,15,16,9,7,1,0,0,40,37,25,16,1,3,1,1,0,1,0,,
6/22/2014,173,0,15,16,9,7,1,0,0,40,37,25,16,1,3,1,1,0,1,0,,
6/23/2014,173,0,15,16,9,7,1,0,0,40,37,25,16,1,3,1,1,0,1,0,,
6/24/2014,173,0,15,16,9,7,1,0,0,40,37,25,16,1,3,1,1,0,1,0,,
6/25/2014,173,0,15,16,9,7,1,0,0,40,37,25,16,1,3,1,1,0,1,0,,
6/26/2014,173,0,15,16,9,7,1,0,0,40,37,25,16,1,3,1,1,0,1,0,,
6/27/2014,173,0,15,16,9,7,1,0,0,40,37,25,16,1,3,1,1,0,1,0,,
6/28/2014,173,0,15,16,9,7,1,0,0,40,37,25,16,1,3,1,1,0,1,0,,
6/29/2014,173,0,15,16,9,7,1,0,0,40,37,25,16,1,3,1,1,0,1,0,,
6/30/2014,173,0,15,16,9,7,1,0,0,40,37,25,16,1,3,1,1,0,1,0,,
7/1/2014,174,0,15,16,9,7,1,0,0,41,37,25,16,1,3,1,1,0,1,0,,
7/2/2014,174,0,15,16,9,7,1,0,0,41,37,25,16,1,3,1,1,0,1,0,,
7/3/2014,174,0,15,16,9,7,1,0,0,41,37,25,16,1,3,1,1,0,1,0,,
7/4/2014,174,0,15,16,9,7,1,0,0,41,37,25,16,1,3,1,1,0,1,0,,
7/5/2014,174,0,15,16,9,7,1,0,0,41,37,25,16,1,3,1,1,0,1,0,,
7/6/2014,174,0,15,16,9,7,1,0,0,41,37,25,16,1,3,1,1,0,1,0,,
7/7/2014,174,0,15,16,9,7,1,0,0,41,37,25,16,1,3,1,1,0,1,0,,
7/8/2014,174,0,15,16,9,7,1,0,0,41,37,25,16,1,3,1,1,0,1,0,,
7/9/2014,174,0,15,16,9,7,1,0,0,41,37,25,16,1,3,1,1,0,1,0,,
7/10/2014,174,0,15,16,9,7,1,0,0,41,37,25,16,1,3,1,1,0,1,0,,
7/11/2014,174,0,15,16,9,7,1,0,0,41,37,25,16,1,3,1,1,0,1,0,,
7/12/2014,174,0,15,16,9,7,1,0,0,41,37,25,16,1,3,1,1,0,1,0,,
7/13/2014,174,0,15,16,9,7,1,0,0,41,37,25,16,1,3,1,1,0,1,0,,
7/14/2014,174,0,15,16,9,7,1,0,0,41,37,25,16,1,3,1,1,0,1,0,,
7/15/2014,174,0,15,16,9,7,1,0,0,41,37,25,16,1,3,1,1,0,1,0,,
7/16/2014,174,0,15,16,9,7,1,0,0,41,37,24,17,1,3,1,1,0,1,0,,
7/17/2014,174,0,15,16,9,7,1,0,0,41,37,24,17,1,3,1,1,0,1,0,,
7/18/2014,174,0,15,16,9,7,1,0,0,41,37,24,17,1,3,1,1,0,1,0,,
7/19/2014,174,0,15,16,9,7,1,0,0,41,37,24,17,1,3,1,1,0,1,0,,
7/20/2014,174,0,15,16,9,7,1,0,0,41,37,24,17,1,3,1,1,0,1,0,,
7/21/2014,174,0,15,16,9,7,1,0,0,41,37,24,17,1,3,1,1,0,1,0,,
7/22/2014,174,0,15,16,9,7,1,0,0,41,37,24,17,1,3,1,1,0,1,0,,
7/23/2014,174,0,15,16,9,7,1,0,0,41,37,24,17,1,3,1,1,0,1,0,,
7/24/2014,174,0,15,16,9,7,1,0,0,41,37,24,17,1,3,1,1,0,1,0,,
7/25/2014,174,0,15,16,9,7,1,0,0,41,37,24,17,1,3,1,1,0,1,0,,
7/26/2014,174,0,15,16,9,7,1,0,0,41,37,24,17,1,3,1,1,0,1,0,,
7/27/2014,174,0,15,16,9,7,1,0,0,41,37,24,17,1,3,1,1,0,1,0,,
7/28/2014,174,0,15,16,9,7,1,0,0,41,37,24,17,1,3,1,1,0,1,0,,
7/29/2014,174,0,15,16,9,7,1,0,0,41,37,24,17,1,3,1,1,0,1,0,,
7/30/2014,174,0,15,16,9,7,1,0,0,41,37,24,17,1,3,1,1,0,1,0,,
7/31/2014,175,0,15,16,9,7,1,0,0,41,38,24,17,1,3,1,1,0,1,0,,
8/1/2014,175,0,15,16,9,7,1,0,0,41,38,24,17,1,3,1,1,0,1,0,,
8/2/2014,175,0,15,16,9,7,1,0,0,41,38,24,17,1,3,1,1,0,1,0,,
8/3/2014,175,0,15,16,9,7,1,0,0,41,38,24,17,1,3,1,1,0,1,0,,
8/4/2014,175,0,15,16,9,7,1,0,0,41,38,24,17,1,3,1,1,0,1,0,,
8/5/2014,175,0,15,16,9,7,1,0,0,41,38,24,17,1,3,1,1,0,1,0,,
8/6/2014,175,0,15,16,9,7,1,0,0,41,38,24,17,1,3,1,1,0,1,0,,
8/7/2014,175,0,15,16,9,7,1,0,0,41,38,24,17,1,3,1,1,0,1,0,,
8/8/2014,175,0,15,16,9,7,1,0,0,41,38,24,17,1,3,1,1,0,1,0,,
8/9/2014,175,0,15,16,9,7,1,0,0,40,39,24,17,1,3,1,1,0,1,0,,
8/10/2014,175,0,15,16,9,7,1,0,0,40,39,24,17,1,3,1,1,0,1,0,,
8/11/2014,175,0,15,16,9,7,1,0,0,40,39,24,17,1,3,1,1,0,1,0,,
8/12/2014,175,0,15,16,9,7,1,0,0,40,39,24,17,1,3,1,1,0,1,0,,
8/13/2014,175,0,15,16,9,7,1,0,0,40,39,24,17,1,3,1,1,0,1,0,,
8/14/2014,175,0,15,16,9,7,1,0,0,40,39,24,17,1,3,1,1,0,1,0,,
8/15/2014,175,0,15,16,9,7,1,0,0,40,39,24,17,1,3,1,1,0,1,0,,
8/16/2014,175,0,15,16,9,7,1,0,0,40,39,24,17,1,3,1,1,0,1,0,,
8/17/2014,175,0,15,16,9,7,1,0,0,40,39,24,17,1,3,1,1,0,1,0,,
8/18/2014,175,0,14,17,9,7,1,0,0,40,39,24,17,1,3,1,1,0,1,0,,
8/19/2014,175,0,14,17,9,7,1,0,0,40,39,24,17,1,3,1,1,0,1,0,,
8/20/2014,175,0,14,17,9,7,1,0,0,40,39,24,17,1,3,1,1,0,1,0,,
8/21/2014,175,0,14,17,9,7,1,0,0,40,39,24,17,1,3,1,1,0,1,0,,
8/22/2014,176,0,14,17,9,7,1,0,0,41,39,24,17,1,3,1,1,0,1,0,,
8/23/2014,176,0,14,17,9,7,1,0,0,41,39,24,17,1,3,1,1,0,1,0,,
8/24/2014,176,0,14,17,9,7,1,0,0,41,39,24,17,1,3,1,1,0,1,0,,
8/25/2014,176,0,14,17,9,7,1,0,0,41,39,24,17,1,3,1,1,0,1,0,,
8/26/2014,176,0,14,17,9,7,1,0,0,41,39,24,17,1,3,1,1,0,1,0,,
8/27/2014,176,0,14,17,9,7,1,0,0,41,39,24,17,1,3,1,1,0,1,0,,
8/28/2014,176,0,14,17,9,7,1,0,0,41,39,24,17,1,3,1,1,0,1,0,,
8/29/2014,176,0,14,17,9,7,1,0,0,41,39,24,17,1,3,1,1,0,1,0,,
8/30/2014,176,0,14,17,9,7,1,0,0,41,39,24,17,1,3,1,1,0,1,0,,
8/31/2014,176,0,14,17,9,7,1,0,0,41,39,24,17,1,3,1,1,0,1,0,,
9/1/2014,176,0,14,17,9,7,1,0,0,41,39,24,17,1,3,1,1,0,1,0,,
9/2/2014,176,0,14,17,9,7,1,0,0,41,39,24,17,1,3,1,1,0,1,0,,
9/3/2014,180,0,15,17,9,7,1,0,0,43,40,24,17,1,3,1,1,0,1,0,,
9/4/2014,182,0,15,17,9,7,1,0,0,43,41,24,17,1,4,1,1,0,1,0,,
9/5/2014,182,0,15,17,9,7,1,0,0,42,41,24,17,1,4,2,1,0,1,0,,
9/6/2014,182,0,15,17,9,7,1,0,0,42,41,24,17,1,4,2,1,0,1,0,,
9/7/2014,182,0,15,17,9,7,1,0,0,42,41,24,17,1,4,2,1,0,1,0,,
9/8/2014,194,0,16,18,9,7,1,0,0,45,46,24,17,2,4,2,2,0,1,0,,
9/9/2014,196,0,16,18,9,7,1,0,0,45,48,24,17,2,4,2,2,0,1,0,,
9/10/2014,196,0,16,18,9,7,1,0,0,45,48,24,17,2,4,2,2,0,1,0,,
9/11/2014,200,0,18,18,9,7,1,0,0,47,48,24,17,2,4,2,2,0,1,0,,
9/12/2014,200,0,18,18,9,7,1,0,0,47,48,24,17,2,4,2,2,0,1,0,,
9/13/2014,200,0,18,18,9,7,1,0,0,47,48,24,17,2,4,2,2,0,1,0,,
9/14/2014,200,0,18,18,9,7,1,0,0,47,48,24,17,2,4,2,2,0,1,0,,
9/15/2014,200,0,18,18,9,7,1,0,0,47,48,24,17,2,4,2,2,0,1,0,,
9/16/2014,202,0,17,18,9,7,1,0,0,47,50,25,17,2,4,2,2,0,1,0,,
9/17/2014,202,0,17,18,9,7,1,0,0,47,50,25,17,2,4,2,2,0,1,0,,
9/18/2014,202,0,17,18,9,7,1,0,0,47,50,25,17,2,4,2,2,0,1,0,,
9/19/2014,202,0,17,18,9,7,1,0,0,47,50,25,17,2,4,2,2,0,1,0,,
9/20/2014,202,0,17,18,9,7,1,0,0,47,50,25,17,2,4,2,2,0,1,0,,
9/21/2014,203,0,17,18,9,7,1,0,0,47,50,26,17,2,4,2,2,0,1,0,,
9/22/2014,205,0,18,18,10,7,1,0,0,47,50,26,17,2,4,2,2,0,1,0,,
9/23/2014,213,0,18,19,11,7,1,0,0,47,55,27,17,2,4,2,2,0,1,0,,
9/24/2014,213,0,18,19,11,7,1,0,0,47,55,27,17,2,4,2,2,0,1,0,,
9/25/2014,217,0,18,19,12,7,1,0,0,48,57,27,17,2,4,2,2,0,1,0,,
9/26/2014,217,0,18,19,12,7,1,0,0,48,57,27,17,2,4,2,2,0,1,0,,
9/27/2014,217,0,18,19,12,7,1,0,0,48,57,27,17,2,4,2,2,0,1,0,,
9/28/2014,217,0,18,19,12,7,1,0,0,48,57,27,17,2,4,2,2,0,1,0,,
9/29/2014,217,0,18,19,12,7,1,0,0,48,57,27,17,2,4,2,2,0,1,0,,
9/30/2014,221,0,17,22,12,7,1,0,0,47,58,28,17,2,4,2,2,1,1,0,,
10/1/2014,223,0,17,23,12,7,1,0,0,47,58,29,17,2,4,2,2,1,1,0,,
10/2/2014,226,0,17,23,13,8,1,0,0,47,59,29,17,2,4,2,2,1,1,0,,
10/3/2014,244,0,21,26,13,8,1,0,0,52,64,29,18,2,4,2,2,1,1,0,,
10/4/2014,248,0,21,26,13,8,1,0,0,53,66,29,18,2,5,1,3,1,1,0,,
10/5/2014,250,0,21,26,13,8,1,0,0,53,67,30,18,2,5,1,3,1,1,0,,
10/6/2014,253,0,21,27,13,8,1,0,0,55,67,30,18,2,5,1,3,1,1,0,,
10/7/2014,255,0,21,27,14,8,1,0,0,55,67,31,18,2,5,1,3,1,1,0,,
10/8/2014,257,0,21,27,15,8,1,0,0,56,67,31,18,2,5,1,3,1,1,0,,
10/9/2014,258,0,21,27,15,9,1,0,0,56,67,31,18,2,5,1,3,1,1,0,,
10/10/2014,263,0,21,29,15,9,1,0,0,56,69,31,19,2,5,1,3,1,1,0,,
10/11/2014,267,0,21,29,16,9,1,0,0,56,71,32,19,2,5,1,3,1,1,0,,
10/12/2014,271,0,22,29,16,9,1,0,0,57,72,32,19,2,6,1,3,1,1,0,,
10/13/2014,275,0,22,29,16,10,1,0,0,59,73,32,19,2,6,1,3,1,1,0,,
10/14/2014,281,0,22,29,17,10,1,0,0,61,74,33,20,2,6,1,3,1,1,0,,
10/15/2014,288,0,22,29,18,10,1,0,0,65,76,33,20,2,6,1,3,1,1,0,,
10/16/2014,290,0,23,29,18,10,1,0,0,65,76,34,20,2,6,1,3,1,1,0,,
10/17/2014,300,0,23,30,18,10,1,0,0,68,79,36,21,2,6,1,3,1,1,0,,
10/18/2014,301,0,23,30,18,10,1,0,0,69,79,36,21,2,6,1,3,1,1,0,,
10/19/2014,304,0,23,30,19,10,1,0,0,70,79,36,22,2,6,1,3,1,1,0,,
10/20/2014,305,0,23,30,19,10,1,0,0,70,79,37,22,2,6,1,3,1,1,0,,
10/21/2014,312,0,25,32,19,10,1,0,0,72,79,38,22,2,6,1,3,1,1,0,,
10/22/2014,314,0,26,32,19,10,1,0,0,73,79,38,22,2,6,1,3,1,1,0,,
10/23/2014,315,0,26,32,19,10,1,0,0,74,79,38,22,2,6,1,3,1,1,0,,
10/24/2014,315,0,26,32,19,10,1,0,0,74,79,38,22,2,6,1,3,1,1,0,,
10/25/2014,317,0,26,32,20,10,1,0,0,75,79,38,22,2,6,1,3,1,1,0,,
10/26/2014,318,0,26,31,21,10,1,0,0,76,79,38,22,2,6,1,3,1,1,0,,
10/27/2014,318,0,26,31,21,10,1,0,0,76,79,38,22,2,6,1,3,1,1,0,,
10/28/2014,320,0,27,31,21,10,1,0,0,77,79,38,22,2,6,1,3,1,1,0,,
10/29/2014,365,0,27,33,31,11,6,0,0,78,83,50,26,4,7,1,3,4,1,0,,
10/30/2014,375,0,27,36,32,11,7,1,0,79,84,52,26,4,7,1,3,4,1,0,,
10/31/2014,379,0,27,36,34,11,7,1,0,80,84,52,27,4,7,1,3,4,1,0,,
11/1/2014,381,0,27,36,34,11,7,1,0,80,84,53,27,4,7,1,3,5,1,0,,
11/2/2014,385,1,27,36,34,11,7,1,0,80,86,54,27,4,7,1,3,5,1,0,,
11/3/2014,392,1,28,36,35,11,7,1,0,81,88,54,28,4,8,1,3,5,1,0,,
11/4/2014,401,1,29,36,36,11,7,1,0,82,88,57,29,6,8,1,3,5,1,0,,
11/5/2014,410,1,30,37,36,12,7,1,0,86,89,58,29,6,8,1,3,5,1,0,,
11/6/2014,419,1,30,40,38,12,7,1,0,88,90,58,29,7,8,1,3,5,1,0,,
11/7/2014,425,1,31,40,39,12,8,1,0,90,90,58,30,7,8,1,3,5,1,0,,
11/8/2014,428,1,32,40,39,12,8,1,0,90,92,58,30,7,8,1,3,5,1,0,,
11/9/2014,430,1,33,40,39,12,8,1,0,91,92,58,30,7,8,1,3,5,1,0,,
11/10/2014,430,1,33,40,39,12,8,1,0,91,92,58,30,7,8,1,3,5,1,0,,
11/11/2014,434,1,35,42,39,12,8,1,0,91,92,58,30,7,8,1,3,5,1,0,,
11/12/2014,436,1,35,42,39,12,8,1,0,91,93,59,30,7,8,1,3,5,1,0,,
11/13/2014,440,1,35,42,39,12,8,1,0,91,97,59,30,7,8,1,3,5,1,0,,
11/14/2014,447,1,35,44,40,12,8,1,0,93,99,59,30,7,8,1,3,5,1,0,,
11/15/2014,448,1,35,44,40,12,8,1,0,94,99,59,30,7,8,1,3,5,1,0,,
11/16/2014,449,1,35,44,40,12,8,1,0,94,99,60,30,7,8,1,3,5,1,0,,
11/17/2014,449,1,35,44,40,12,8,1,0,94,99,60,30,7,8,1,3,5,1,0,,
11/18/2014,449,1,35,44,40,12,8,1,0,94,99,60,30,7,8,1,3,5,1,0,,
11/19/2014,456,1,35,45,41,12,8,1,0,96,101,60,31,7,8,1,3,5,1,0,,
11/20/2014,458,1,35,45,41,12,8,1,0,96,101,61,31,7,8,1,3,5,2,0,,
11/21/2014,460,1,35,45,41,12,8,1,0,97,101,61,32,7,8,1,3,5,2,0,,
11/22/2014,460,1,35,45,41,12,8,1,0,97,101,61,32,7,8,1,3,5,2,0,,
11/23/2014,460,1,35,45,41,12,8,1,0,97,101,61,32,7,8,1,3,5,2,0,,
11/24/2014,463,2,35,45,42,12,8,1,0,96,102,61,32,7,9,1,3,5,2,0,,
11/25/2014,463,2,35,45,42,12,8,1,0,96,102,61,32,7,9,1,3,5,2,0,,
11/26/2014,465,2,36,45,42,12,8,1,0,97,102,61,32,7,9,1,3,5,2,0,,
11/27/2014,470,2,36,46,42,13,8,1,0,97,104,62,31,8,9,1,3,5,2,0,,
11/28/2014,480,2,37,47,41,13,8,1,0,103,107,62,31,8,9,1,3,5,2,0,,
11/29/2014,483,2,37,47,42,14,8,1,0,104,107,62,31,8,9,1,3,5,2,0,,
11/30/2014,485,2,37,47,42,14,8,1,0,105,107,63,31,8,9,1,3,5,2,0,,
12/1/2014,489,2,38,48,42,14,8,1,0,107,107,63,31,8,9,1,3,5,2,0,,
12/2/2014,499,2,39,49,43,14,8,1,0,110,109,63,32,8,9,1,4,5,2,0,,
12/3/2014,498,2,39,48,43,14,8,1,0,110,109,63,32,8,9,1,4,5,2,0,,
12/4/2014,500,2,39,48,44,14,8,1,0,110,110,63,32,8,9,1,4,5,2,0,,
12/5/2014,505,2,41,48,44,14,8,1,0,110,111,63,34,8,9,1,4,5,2,0,,
12/6/2014,507,2,41,48,44,14,8,1,0,111,112,63,34,8,9,1,4,5,2,0,,
12/7/2014,507,2,41,48,44,14,8,1,0,111,112,63,34,8,9,1,4,5,2,0,,
12/8/2014,508,2,41,48,44,14,8,1,0,111,113,63,34,8,9,1,4,5,2,0,,
12/9/2014,510,2,41,48,44,14,8,1,0,111,114,64,34,8,9,1,4,5,2,0,,
12/10/2014,515,2,41,48,45,14,8,1,0,111,116,65,34,8,10,1,4,5,2,0,,
12/11/2014,517,2,41,48,45,14,8,1,0,112,117,65,34,8,10,1,4,5,2,0,,
12/12/2014,518,2,41,48,45,14,8,1,0,112,118,65,34,8,10,1,4,5,2,0,,
12/13/2014,520,2,42,48,45,14,8,1,0,113,118,65,34,8,10,1,4,5,2,0,,
12/14/2014,520,2,42,48,45,14,8,1,0,113,118,65,34,8,10,1,4,5,2,0,,
12/15/2014,524,2,42,47,45,14,8,1,0,115,120,66,34,8,10,1,4,5,2,0,,
12/16/2014,526,2,42,47,45,14,8,1,0,117,120,66,34,8,10,1,4,5,2,0,,
12/17/2014,526,2,42,47,45,14,8,1,0,117,120,66,34,8,10,1,4,5,2,0,,
12/18/2014,529,2,43,47,45,14,8,1,0,119,120,66,34,8,10,1,4,5,2,0,,
12/19/2014,530,2,43,47,44,15,8,1,0,119,121,66,34,8,10,1,4,5,2,0,,
12/20/2014,530,2,41,49,44,15,8,1,0,119,121,66,34,8,10,1,4,5,2,0,,
12/21/2014,531,2,41,49,44,15,9,1,0,119,121,66,34,8,10,1,4,5,2,0,,
12/22/2014,531,2,41,49,44,15,9,1,0,119,121,66,34,8,10,1,4,5,2,0,,
12/23/2014,531,2,41,49,44,15,9,1,0,119,121,66,34,8,10,1,4,5,2,0,,
12/24/2014,532,2,41,49,44,15,9,1,0,119,121,66,35,8,10,1,4,5,2,0,,
12/25/2014,534,2,41,50,44,15,9,1,0,120,121,66,35,8,10,1,4,5,2,0,,
12/26/2014,534,2,41,50,44,15,9,1,0,120,121,66,35,8,10,1,4,5,2,0,,
12/27/2014,537,2,41,51,44,15,9,1,0,121,122,66,35,8,10,1,4,5,2,0,,
12/28/2014,542,2,41,53,46,15,9,1,0,121,123,66,35,8,10,1,4,5,2,0,,
12/29/2014,546,2,41,53,46,16,9,1,0,123,123,66,36,8,10,1,4,5,2,0,,
12/30/2014,546,2,40,54,46,16,9,1,0,123,123,66,36,8,10,1,4,5,2,0,,
12/31/2014,546,2,40,54,46,16,9,1,0,123,123,66,36,8,10,1,3,6,2,0,,
1/1/2015,546,2,40,54,46,16,9,1,0,123,123,66,36,8,10,1,3,6,2,0,,
1/2/2015,546,2,40,54,46,16,9,1,0,123,123,65,37,8,10,1,3,6,1,1,,
1/3/2015,546,2,40,53,46,16,9,1,0,123,124,65,37,8,10,1,3,6,1,1,,
1/4/2015,548,2,40,53,47,16,9,1,0,124,124,65,37,8,10,1,3,6,1,1,,
1/5/2015,550,2,40,53,47,16,9,1,0,124,124,66,37,8,11,1,3,6,1,1,,
1/6/2015,550,2,40,53,47,16,9,1,0,123,124,67,37,8,11,1,3,6,1,1,,
1/7/2015,552,2,40,53,47,16,9,1,0,123,125,67,38,8,11,1,3,6,1,1,,
1/8/2015,554,2,41,53,47,16,9,1,0,124,125,67,38,8,11,1,3,6,1,1,,
1/9/2015,554,2,41,53,47,16,9,1,0,124,125,67,38,8,11,1,3,6,1,1,,
1/10/2015,556,2,42,53,47,16,9,1,0,125,125,67,38,8,11,1,3,6,1,1,,
1/11/2015,555,2,42,52,46,16,9,2,0,125,125,67,38,8,11,1,3,6,1,1,,
1/12/2015,557,2,41,53,46,16,9,2,0,126,126,68,38,8,10,1,3,6,1,1,,
1/13/2015,559,2,42,53,46,16,9,2,0,126,126,68,38,8,10,1,3,7,1,1,,
1/14/2015,559,2,42,54,46,16,9,2,0,125,127,67,38,8,10,1,3,7,1,1,,
1/15/2015,561,2,42,54,47,17,9,2,0,124,128,67,38,8,10,1,3,7,1,1,,
1/16/2015,562,2,41,55,47,17,9,2,0,125,128,67,38,8,10,1,3,7,1,1,,
1/17/2015,562,2,41,55,47,17,9,2,0,125,128,67,38,8,10,1,3,7,1,1,,
1/18/2015,564,2,41,55,47,17,9,2,1,125,128,67,38,8,11,1,3,7,1,1,,
1/19/2015,566,2,42,55,47,17,9,2,1,125,129,67,38,8,11,1,3,7,1,1,,
1/20/2015,569,2,43,55,47,17,9,2,1,125,131,67,38,8,11,1,3,7,1,1,,
1/21/2015,571,2,43,55,47,17,9,2,1,125,132,68,38,8,11,1,3,7,1,1,,
1/22/2015,575,2,43,56,47,17,9,2,1,126,134,68,38,8,11,1,3,7,1,1,,
1/23/2015,578,2,43,56,47,17,9,2,1,128,134,69,38,8,11,1,3,7,1,1,,
1/24/2015,578,2,43,56,47,17,9,2,1,128,134,69,38,8,11,1,3,7,1,1,,
1/25/2015,578,2,43,56,47,17,9,2,1,127,135,68,39,8,11,1,3,7,1,1,,
1/26/2015,581,2,43,57,47,17,9,2,1,128,136,68,39,8,11,1,3,7,1,1,,
1/27/2015,590,2,44,57,47,17,9,2,1,133,139,68,39,8,11,1,3,7,1,1,,
1/28/2015,596,2,44,57,47,17,9,3,1,135,140,69,40,8,11,1,3,7,1,1,,
1/29/2015,603,2,45,58,47,17,9,4,1,136,141,71,40,8,11,1,3,7,1,1,,
1/30/2015,604,2,45,58,47,17,10,3,1,136,142,71,40,8,11,1,3,7,1,1,,
1/31/2015,604,2,45,58,47,17,10,3,1,135,143,71,40,8,11,1,3,7,1,1,,
2/1/2015,605,2,45,58,47,17,10,3,1,135,144,71,40,8,11,1,3,7,1,1,,
2/2/2015,607,2,45,58,47,17,10,3,1,135,146,71,40,8,11,1,3,7,1,1,,
2/3/2015,607,2,45,58,47,17,10,3,1,135,146,71,40,8,11,1,3,7,1,1,,
2/4/2015,608,2,45,58,47,17,10,3,1,134,148,71,40,8,11,1,3,7,1,1,,
2/5/2015,613,2,46,59,47,17,10,3,1,134,150,72,40,8,11,1,3,7,1,1,,
2/6/2015,613,2,46,59,47,17,10,3,1,133,151,72,40,8,11,1,3,7,1,1,,
2/7/2015,613,2,46,59,47,17,10,3,1,133,151,72,40,8,11,1,3,7,1,1,,
2/8/2015,613,2,46,59,47,17,10,3,1,133,151,72,40,8,11,1,3,7,1,1,,
2/9/2015,615,2,46,59,47,17,10,3,1,135,151,72,39,9,11,1,3,7,1,1,,
2/10/2015,614,2,46,59,47,17,10,3,1,135,151,72,39,9,10,1,3,7,1,1,,
2/11/2015,614,2,46,59,47,17,10,3,1,135,151,72,39,9,10,1,3,7,1,1,,
2/12/2015,617,2,47,59,47,17,10,3,1,136,151,73,39,9,10,1,3,7,1,1,,
2/13/2015,617,2,47,59,47,17,10,3,1,136,150,74,39,9,10,1,3,7,1,1,,
2/14/2015,618,2,48,59,47,17,10,3,1,136,150,74,39,9,10,1,3,7,1,1,,
2/15/2015,619,2,48,60,47,17,10,3,1,135,151,74,39,9,10,1,3,7,1,1,,
2/16/2015,619,2,48,60,47,17,10,3,1,135,151,74,39,9,10,1,3,7,1,1,,
2/17/2015,621,2,48,60,47,17,10,3,1,135,152,75,39,9,10,1,3,7,1,1,,
2/18/2015,623,2,48,60,47,17,10,3,1,135,152,77,39,9,10,1,3,7,1,1,,
2/19/2015,631,2,50,60,48,17,10,3,1,136,153,78,41,9,10,1,3,7,1,1,,
2/20/2015,631,2,50,60,48,17,10,3,1,136,153,78,41,9,10,1,3,7,1,1,,
2/21/2015,633,3,50,60,48,17,10,3,1,136,154,78,41,9,10,1,3,7,1,1,,
2/22/2015,636,3,50,63,48,17,10,3,1,136,154,78,41,9,10,1,3,7,1,1,,
2/23/2015,637,3,50,63,48,17,10,3,1,137,154,78,41,9,10,1,3,7,1,1,,
2/24/2015,639,3,50,63,48,17,10,3,1,138,155,78,41,9,10,1,3,7,1,1,,
2/25/2015,639,3,50,63,48,17,10,3,1,138,155,78,41,9,10,1,3,7,1,1,,
2/26/2015,639,3,50,63,48,17,10,3,1,138,155,78,41,9,10,1,3,7,1,1,,
2/27/2015,641,3,50,62,48,17,10,4,1,139,156,78,41,9,10,1,3,7,1,1,,
2/28/2015,641,3,50,62,48,17,10,4,1,139,156,78,41,9,10,1,3,6,2,1,,
3/1/2015,643,3,50,62,48,17,10,4,1,140,157,78,41,9,10,1,3,6,2,1,,
3/2/2015,644,3,50,62,48,17,10,4,1,140,158,78,41,9,10,1,3,6,2,1,,
3/3/2015,645,3,50,62,48,17,10,4,1,140,159,78,41,9,10,1,3,6,2,1,,
3/4/2015,647,3,50,62,48,17,10,4,1,140,161,78,41,9,10,1,3,6,2,1,,
3/5/2015,648,3,49,63,48,17,10,4,1,140,161,78,42,9,10,1,3,6,2,1,,
3/6/2015,654,3,50,65,49,17,10,4,1,140,162,79,42,9,10,1,3,6,2,1,,
3/7/2015,654,3,50,66,49,17,10,4,1,140,162,78,42,9,10,1,3,6,2,1,,
3/8/2015,656,3,50,66,49,17,10,4,1,140,162,79,42,10,10,1,3,6,2,1,,
3/9/2015,657,3,50,66,49,17,10,4,1,140,162,80,42,10,10,1,3,6,2,1,,
3/10/2015,657,3,50,66,49,17,10,4,1,139,163,80,42,10,10,1,3,6,2,1,,
3/11/2015,660,3,50,68,49,17,10,4,1,139,163,80,43,10,10,1,3,6,2,1,,
3/12/2015,660,3,50,68,49,17,10,4,1,139,163,80,43,10,10,1,3,6,2,1,,
3/13/2015,661,3,50,68,49,17,10,4,1,139,163,80,44,10,10,1,3,6,2,1,,
3/14/2015,661,3,50,68,49,17,10,4,1,139,163,80,44,10,10,1,3,6,2,1,,
3/15/2015,661,3,50,68,49,17,10,4,1,139,163,80,44,10,10,1,3,6,2,1,,
3/16/2015,662,3,50,68,49,17,11,4,1,139,163,80,44,10,10,1,3,6,2,1,,
3/17/2015,663,3,51,68,49,17,11,4,1,139,163,80,44,10,10,1,3,6,2,1,,
3/18/2015,661,3,50,68,49,17,11,4,1,138,163,80,44,10,10,1,3,6,2,1,,
3/19/2015,662,3,50,68,50,17,11,4,1,138,163,80,44,10,10,1,3,6,2,1,,
3/20/2015,662,3,50,68,50,17,11,4,1,138,163,80,44,10,10,1,3,6,2,1,,
3/21/2015,663,3,50,68,50,17,11,5,1,138,163,80,44,10,10,1,3,6,2,1,,
3/22/2015,664,3,50,68,50,17,11,5,1,139,163,80,44,10,10,1,3,6,2,1,,
3/23/2015,664,3,50,68,50,17,11,5,1,139,163,80,44,10,10,1,3,6,2,1,,
3/24/2015,664,2,51,68,50,17,11,5,1,139,163,80,44,10,10,1,3,6,2,1,,
3/25/2015,664,2,51,68,50,17,11,5,1,139,163,80,44,10,10,1,3,6,2,1,,
3/26/2015,665,2,51,68,50,17,11,5,1,139,164,80,44,10,10,1,3,6,2,1,,
3/27/2015,665,2,51,68,50,17,11,5,1,139,164,80,44,10,10,1,3,6,2,1,,
3/28/2015,665,2,51,68,50,17,11,5,1,139,164,80,44,10,10,1,3,6,2,1,,
3/29/2015,666,2,51,68,50,17,11,5,1,138,166,80,44,10,10,1,3,6,2,1,,
3/30/2015,667,2,51,68,50,17,11,5,1,138,166,81,44,10,10,1,3,6,2,1,,
3/31/2015,670,2,51,68,50,17,11,5,1,140,166,81,45,10,10,1,3,6,2,1,,
4/1/2015,672,3,51,68,50,18,11,5,1,140,166,81,45,10,10,1,3,6,2,1,,
4/2/2015,675,3,52,68,50,18,11,5,1,140,168,81,45,10,10,1,3,6,2,1,,
4/3/2015,675,3,52,68,50,18,11,5,1,140,168,81,45,9,11,1,3,6,2,1,,
4/4/2015,675,3,52,68,50,18,11,5,1,140,168,81,45,9,11,1,3,6,2,1,,
4/5/2015,675,3,52,68,50,18,11,5,1,140,168,81,45,9,11,1,3,6,2,1,,
4/6/2015,675,3,52,68,50,18,11,5,1,140,168,81,45,9,11,1,3,6,2,1,,
4/7/2015,675,3,52,67,51,18,11,5,1,140,168,81,45,9,11,1,3,6,2,1,,
4/8/2015,678,3,50,69,51,18,11,5,1,141,168,82,46,9,11,1,3,6,2,1,,
4/9/2015,678,3,50,69,51,18,11,5,1,141,168,82,46,9,11,1,3,6,2,1,,
4/10/2015,678,3,50,69,51,18,11,5,1,141,168,82,46,9,11,1,3,6,2,1,,
4/11/2015,679,3,50,69,51,18,11,5,1,142,168,82,46,9,11,1,3,6,2,1,,
4/12/2015,679,3,50,69,51,18,11,5,1,142,168,82,46,9,11,1,3,6,2,1,,
4/13/2015,680,3,50,70,51,18,11,5,1,142,168,82,46,9,11,1,3,6,2,1,,
4/14/2015,680,3,50,70,51,18,11,5,1,142,168,82,46,9,11,1,3,6,2,1,,
4/15/2015,682,3,50,70,52,18,11,5,1,142,169,82,46,9,11,1,3,6,2,1,,
4/16/2015,684,3,50,70,52,18,11,5,1,142,169,84,46,9,11,1,3,6,2,1,,
4/17/2015,685,3,50,70,52,18,11,5,1,143,169,84,46,9,11,1,3,6,2,1,,
4/18/2015,686,3,50,70,52,18,11,5,1,143,169,85,46,9,11,1,3,6,2,1,,
4/19/2015,688,3,50,71,52,18,11,5,1,143,169,86,46,9,11,1,3,6,2,1,,
4/20/2015,689,3,50,71,52,18,11,5,1,143,169,86,46,10,11,1,3,6,2,1,,
4/21/2015,693,3,51,71,52,18,11,5,1,143,172,86,46,10,11,1,3,6,2,1,,
4/22/2015,695,3,51,71,52,18,11,5,1,143,173,86,46,11,11,1,3,6,2,1,,
4/23/2015,695,3,51,71,52,18,11,5,1,143,173,86,46,11,11,1,3,6,2,1,,
4/24/2015,696,3,51,71,52,18,11,5,1,142,174,87,46,11,11,1,3,6,2,1,,
4/25/2015,696,3,51,71,52,18,11,5,1,142,174,87,46,11,11,1,3,6,2,1,,
4/26/2015,698,3,51,71,53,18,11,5,1,142,175,87,46,11,11,1,3,6,2,1,,
4/27/2015,699,3,51,71,53,18,11,5,1,143,175,88,45,11,11,1,3,6,2,1,,
4/28/2015,699,3,51,71,53,18,11,5,1,143,175,88,45,11,11,1,3,6,2,1,,
4/29/2015,703,3,51,71,54,18,11,5,1,143,177,89,45,11,11,1,3,6,2,1,,
4/30/2015,705,3,51,71,54,18,11,5,1,143,178,89,46,11,11,1,3,6,2,1,,
5/1/2015,705,3,51,71,54,18,11,5,1,143,178,89,46,11,11,1,3,6,2,1,,
5/2/2015,708,3,52,71,54,18,11,5,1,143,179,90,46,11,11,1,3,6,2,1,,
5/3/2015,709,3,52,72,54,18,11,5,1,143,179,90,46,11,11,1,3,6,2,1,,
5/4/2015,711,3,52,73,54,18,11,5,1,144,179,90,46,11,11,1,3,6,2,1,,
5/5/2015,717,3,52,73,54,20,11,5,1,147,179,90,46,11,11,1,3,6,3,1,,
5/6/2015,719,3,52,73,54,20,12,5,1,147,179,91,46,11,11,1,3,6,3,1,,
5/7/2015,720,3,52,73,54,20,12,5,1,147,179,91,46,11,11,1,3,6,4,1,,
5/8/2015,721,3,52,73,54,20,12,5,1,148,179,91,46,11,11,1,3,6,4,1,,
5/9/2015,721,3,52,73,54,20,12,5,1,148,179,91,46,11,11,1,3,6,4,1,,
5/10/2015,721,3,52,73,54,20,12,5,1,148,179,91,46,11,11,1,3,6,4,1,,
5/11/2015,721,3,52,73,54,20,12,5,1,147,180,91,46,11,11,1,3,6,4,1,,
5/12/2015,722,3,53,73,54,20,12,5,1,147,180,91,46,11,11,1,3,6,4,1,,
5/13/2015,723,3,54,73,54,20,12,5,1,147,180,91,46,11,11,1,3,6,4,1,,
5/14/2015,723,3,54,73,54,20,12,5,1,147,179,92,46,11,11,1,3,6,4,1,,
5/15/2015,723,2,54,74,54,20,12,5,1,147,179,92,46,11,11,1,3,6,4,1,,
5/16/2015,723,2,54,74,54,20,12,5,1,147,179,92,46,11,11,1,3,6,4,1,,
5/17/2015,723,2,53,75,54,20,12,5,1,147,179,92,46,11,11,1,3,6,4,1,,
5/18/2015,723,2,53,75,54,20,12,5,1,147,178,93,46,11,11,1,3,6,4,1,,
5/19/2015,724,2,53,75,54,21,12,5,1,147,178,93,46,11,11,1,3,6,4,1,,
5/20/2015,727,2,54,75,54,21,12,5,1,148,179,93,46,11,11,1,3,6,4,1,,
5/21/2015,727,2,54,75,54,21,12,5,1,148,179,93,46,11,11,1,3,6,4,1,,
5/22/2015,728,2,54,75,54,21,12,5,1,148,179,94,46,11,11,1,3,6,4,1,,
5/23/2015,729,2,54,75,54,21,12,5,1,148,180,94,46,11,11,1,3,6,4,1,,
5/24/2015,729,2,54,75,54,21,12,5,1,148,180,94,46,11,11,1,3,6,4,1,,
5/25/2015,729,2,54,75,54,21,12,5,1,148,179,95,46,11,11,1,3,6,4,1,,
5/26/2015,731,2,54,75,54,21,12,5,1,150,179,95,46,11,11,1,3,6,4,1,,
5/27/2015,732,2,54,75,54,22,12,5,1,150,179,95,46,11,11,1,3,6,4,1,,
5/28/2015,734,2,54,76,55,22,12,5,1,150,179,95,46,11,11,1,3,6,4,1,,
5/29/2015,734,2,54,76,55,22,12,5,1,150,179,95,46,11,11,1,3,6,4,1,,
5/30/2015,734,2,54,76,55,22,12,5,1,150,179,95,46,11,11,1,3,6,4,1,,
5/31/2015,746,2,55,77,57,23,12,5,1,151,180,97,48,12,11,1,3,6,4,1,,
6/1/2015,749,2,56,77,57,23,12,5,1,152,181,97,48,12,11,1,3,6,4,1,,
6/2/2015,751,2,56,77,57,23,12,5,1,152,182,97,48,12,11,1,3,6,5,1,,
6/3/2015,752,2,55,78,57,23,12,6,1,151,183,97,48,12,11,1,3,6,5,1,,
6/4/2015,753,1,56,78,57,23,12,6,1,151,183,96,49,13,11,1,3,6,5,1,,
6/5/2015,755,1,56,78,58,23,12,6,1,152,183,96,49,13,11,1,3,6,5,1,,
6/6/2015,755,1,56,78,58,23,12,6,1,152,183,96,49,13,11,1,3,6,5,1,,
6/7/2015,755,1,56,78,58,23,12,6,1,152,183,96,49,13,11,1,3,6,5,1,,
6/8/2015,755,1,56,78,58,23,12,6,1,152,183,96,49,13,11,1,3,6,5,1,,
6/9/2015,755,1,56,78,58,23,12,6,1,151,184,96,49,13,11,1,3,6,5,1,,
6/10/2015,756,1,56,78,58,23,12,6,1,150,185,97,49,13,11,1,3,6,5,1,,
6/11/2015,756,1,56,78,58,23,12,6,1,150,185,97,49,13,11,1,3,6,5,1,,
6/12/2015,757,1,57,78,58,23,12,6,1,150,185,97,49,13,11,1,3,6,5,1,,
6/13/2015,757,1,57,78,58,23,12,6,1,150,184,98,49,13,11,1,3,6,5,1,,
6/14/2015,757,1,57,78,58,23,12,6,1,150,184,98,49,13,11,1,3,6,5,1,,
6/15/2015,757,1,56,79,58,23,12,6,1,150,184,98,49,13,11,1,3,6,5,1,,
6/16/2015,757,1,56,79,58,23,12,6,1,150,184,98,49,13,11,1,3,6,5,1,,
6/17/2015,760,1,56,80,58,23,12,6,1,150,184,98,51,13,11,1,3,6,5,1,,
6/18/2015,760,1,56,80,58,23,12,6,1,150,184,98,51,13,11,1,3,6,5,1,,
6/19/2015,760,1,56,80,58,23,12,6,1,150,184,98,51,13,11,1,3,6,5,1,,
6/20/2015,760,1,56,80,58,23,12,6,1,150,184,98,51,13,11,1,3,6,5,1,,
6/21/2015,760,1,56,80,58,23,12,6,1,150,184,98,51,13,11,1,3,6,5,1,,
6/22/2015,760,1,56,80,58,23,12,6,1,150,184,98,51,13,11,1,3,6,5,1,,
6/23/2015,760,1,56,80,58,23,12,6,1,150,184,98,51,13,11,1,3,6,5,1,,
6/24/2015,761,1,56,80,58,23,12,6,1,151,184,98,51,13,11,1,3,6,5,1,,
6/25/2015,762,1,56,80,58,23,12,6,1,151,185,98,51,13,11,1,3,6,5,1,,
6/26/2015,762,1,56,80,58,23,12,6,1,151,184,99,51,13,11,1,3,6,5,1,,
6/27/2015,762,1,56,80,58,23,12,6,1,151,185,98,51,13,11,1,3,6,5,1,,
6/28/2015,762,1,56,80,58,23,12,6,1,151,184,99,51,13,11,1,3,6,5,1,,
6/29/2015,762,1,56,80,58,23,12,6,1,151,184,99,51,13,11,1,3,6,5,1,,
6/30/2015,762,1,56,80,58,23,12,6,1,151,184,99,51,13,11,1,3,6,5,1,,
7/1/2015,761,1,55,81,56,24,12,6,1,151,184,99,51,13,11,1,3,6,5,1,,
7/2/2015,761,1,54,82,56,24,12,6,1,151,184,99,51,13,11,1,3,6,5,1,,
7/3/2015,761,1,54,82,56,24,12,6,1,151,184,99,51,13,11,1,3,6,5,1,,
7/4/2015,761,1,54,82,56,24,12,6,1,151,184,99,51,13,11,1,3,6,5,1,,
7/5/2015,761,1,54,82,57,24,12,5,1,151,184,99,51,13,11,1,3,6,5,1,,
7/6/2015,763,1,54,82,57,24,12,5,1,152,185,99,51,13,11,1,3,6,5,1,,
7/7/2015,763,1,54,82,57,24,12,5,1,152,185,99,51,13,11,1,3,6,5,1,,
7/8/2015,763,1,54,82,57,24,12,5,1,151,186,99,51,13,11,1,3,6,5,1,,
7/9/2015,764,1,54,82,57,24,12,5,1,151,186,99,52,13,11,1,3,6,5,1,,
7/10/2015,765,1,54,82,57,24,12,5,1,151,187,99,52,13,11,1,3,6,5,1,,
7/11/2015,766,1,54,82,57,24,12,5,1,150,189,99,52,13,11,1,3,6,5,1,,
7/12/2015,766,1,54,82,57,24,12,5,1,149,189,99,52,13,12,1,3,6,5,1,,
7/13/2015,766,1,54,82,57,24,12,5,1,149,189,99,52,13,12,1,3,6,5,1,,
7/14/2015,766,1,54,82,57,24,12,5,1,149,189,99,52,13,12,1,3,6,5,1,,
7/15/2015,767,1,55,82,57,24,12,5,1,149,189,99,52,13,12,1,3,6,5,1,,
7/16/2015,768,1,56,82,57,24,12,5,1,148,190,99,52,13,12,1,3,6,5,1,,
7/17/2015,768,1,56,82,57,24,12,5,1,148,190,99,52,13,12,1,3,6,5,1,,
7/18/2015,769,1,56,82,57,24,12,5,1,148,191,99,52,13,12,1,3,6,5,1,,
7/19/2015,769,1,56,82,57,24,12,5,1,147,192,99,52,13,12,1,3,6,5,1,,
7/20/2015,769,1,56,82,57,24,12,5,1,146,193,99,52,13,12,1,3,6,5,1,,
7/21/2015,769,1,56,82,57,24,12,5,1,146,193,99,52,13,12,1,3,6,5,1,,
7/22/2015,769,1,56,82,57,24,12,5,1,146,193,99,52,13,12,1,3,6,5,1,,
7/23/2015,767,1,56,81,57,24,12,5,1,146,193,98,52,13,12,1,3,6,5,1,,
7/24/2015,767,1,56,81,57,24,12,5,1,146,193,98,52,13,12,1,3,6,5,1,,
7/25/2015,767,1,56,80,58,24,12,5,1,146,193,98,52,13,12,1,3,6,5,1,,
7/26/2015,767,1,56,80,58,24,12,5,1,146,193,98,52,13,12,1,3,6,5,1,,
7/27/2015,767,1,56,80,58,24,12,5,1,145,194,98,52,13,12,1,3,6,5,1,,
7/28/2015,768,1,56,80,58,24,12,5,1,145,194,99,52,13,12,1,3,6,5,1,,
7/29/2015,768,1,56,80,58,24,12,5,1,145,194,99,52,13,12,1,3,6,5,1,,
7/30/2015,768,1,56,80,58,24,12,5,1,145,194,99,51,13,13,1,3,6,5,1,,
7/31/2015,768,1,56,80,58,24,12,5,1,145,194,97,53,13,13,1,3,6,5,1,,
8/1/2015,769,1,56,80,58,24,12,5,1,143,196,97,54,13,13,1,3,6,5,1,,
8/2/2015,769,1,56,80,58,24,12,5,1,143,196,97,54,13,13,1,3,6,5,1,,
8/3/2015,769,1,56,80,58,24,12,5,1,143,196,96,55,13,13,1,3,6,5,1,,
8/4/2015,769,1,56,80,58,24,12,5,1,142,197,96,55,13,13,1,3,6,5,1,,
8/5/2015,769,1,56,80,58,24,12,5,1,141,198,96,55,13,13,1,3,6,5,1,,
8/6/2015,769,1,56,80,58,24,12,5,1,140,199,96,55,13,13,1,3,6,5,1,,
8/7/2015,769,1,56,80,58,24,12,5,1,140,199,96,55,13,13,1,3,6,5,1,,
8/8/2015,769,1,56,80,58,24,12,5,1,140,199,96,55,13,13,1,3,6,5,1,,
8/9/2015,768,1,56,80,58,24,12,5,1,139,199,96,55,13,13,1,3,6,5,1,,
8/10/2015,768,1,56,80,58,24,12,5,1,139,199,96,55,13,13,1,3,6,5,1,,
8/11/2015,768,1,56,80,58,24,12,5,1,138,200,96,55,13,13,1,3,6,5,1,,
8/12/2015,770,1,56,81,58,24,12,5,1,138,200,97,55,13,13,1,3,6,5,1,,
8/13/2015,770,1,56,81,58,24,12,5,1,138,200,97,55,13,13,1,3,6,5,1,,
8/14/2015,770,1,56,81,58,24,12,5,1,138,200,97,55,13,13,1,3,6,5,1,,
8/15/2015,770,1,56,81,58,24,12,5,1,138,200,97,55,13,13,1,3,6,5,1,,
8/16/2015,771,1,56,82,58,24,12,5,1,138,200,97,55,13,13,1,3,6,5,1,,
8/17/2015,770,1,56,82,58,24,12,5,1,138,199,97,55,13,13,1,3,6,5,1,,
8/18/2015,770,1,56,82,58,24,12,5,1,137,200,97,55,13,13,1,3,6,5,1,,
8/19/2015,771,1,56,82,58,24,12,5,1,137,201,97,55,13,13,1,3,6,5,1,,
8/20/2015,771,1,56,82,58,24,12,5,1,137,201,97,55,13,13,1,3,6,5,1,,
8/21/2015,771,1,56,82,58,24,12,5,1,137,201,97,55,13,13,1,3,6,5,1,,
8/22/2015,771,1,56,82,58,24,12,5,1,137,201,97,55,13,13,1,3,6,5,1,,
8/23/2015,772,1,56,82,58,24,12,5,1,137,202,97,55,13,13,1,3,6,5,1,,
8/24/2015,773,1,56,82,58,24,12,5,1,136,203,98,55,13,13,1,3,6,5,1,,
8/25/2015,774,1,56,82,58,25,12,5,1,136,203,98,55,13,13,1,3,6,5,1,,
8/26/2015,775,1,56,82,58,26,12,5,1,135,204,98,55,13,13,1,3,6,5,1,,
8/27/2015,775,1,56,82,58,26,12,5,1,135,204,98,55,13,13,1,3,6,5,1,,
8/28/2015,775,1,56,82,58,26,12,5,1,135,204,98,55,13,13,1,3,6,5,1,,
8/29/2015,777,1,57,82,58,26,12,5,1,135,204,98,56,13,13,1,3,6,5,1,,
8/30/2015,779,1,57,82,58,26,12,5,1,137,204,98,56,13,13,1,3,6,5,1,,
8/31/2015,789,1,58,82,58,26,12,5,1,141,209,98,56,13,13,1,3,6,5,1,,
9/1/2015,793,1,59,82,58,26,12,5,1,144,209,98,56,13,13,1,3,6,5,1,,
9/2/2015,794,1,59,82,58,26,12,5,1,144,210,98,56,13,13,1,3,6,5,1,,
9/3/2015,795,1,59,82,58,26,12,5,1,145,210,98,56,13,13,1,3,6,5,1,,
9/4/2015,797,1,59,82,58,26,12,5,1,147,210,98,56,13,13,1,3,6,5,1,,
9/5/2015,797,1,59,82,58,26,12,5,1,147,210,98,56,13,13,1,3,6,5,1,,
9/6/2015,797,1,59,82,58,26,12,5,1,146,211,98,56,13,13,1,3,6,5,1,,
9/7/2015,800,1,59,82,59,26,12,5,1,146,212,99,56,13,13,1,3,6,5,1,,
9/8/2015,812,1,60,84,59,26,12,5,1,148,217,99,56,13,14,1,3,7,5,1,,
9/9/2015,813,1,61,84,59,26,12,5,1,148,217,99,56,13,14,1,3,7,5,1,,
9/10/2015,813,1,61,84,59,26,12,5,1,148,216,100,56,13,14,1,3,7,5,1,,
9/11/2015,813,1,61,84,59,26,12,5,1,148,215,101,56,13,14,1,3,7,5,1,,
9/12/2015,816,1,61,84,59,26,12,5,1,149,217,101,56,13,14,1,3,7,5,1,,
9/13/2015,816,1,61,84,59,26,12,5,1,149,217,101,56,13,14,1,3,7,5,1,,
9/14/2015,817,1,61,84,59,26,12,5,1,150,217,101,56,13,14,1,3,7,5,1,,
9/15/2015,819,1,60,85,59,26,12,5,1,152,217,101,56,13,14,1,3,7,5,1,,
9/16/2015,819,1,60,84,59,26,12,5,1,152,217,102,56,13,14,1,3,7,5,1,,
9/17/2015,820,1,61,84,59,26,12,5,1,152,217,102,56,13,14,1,3,7,5,1,,
9/18/2015,820,1,61,84,59,26,12,5,1,152,217,102,56,13,14,1,3,7,5,1,,
9/19/2015,820,1,61,84,59,26,12,5,1,152,217,102,56,13,14,1,3,7,5,1,,
9/20/2015,820,1,61,84,59,26,12,5,1,152,217,102,56,13,14,1,3,7,5,1,,
9/21/2015,820,1,61,84,59,26,12,5,1,152,217,102,56,13,14,1,3,7,5,1,,
9/22/2015,825,1,61,84,59,27,12,5,1,154,217,103,57,13,14,1,3,7,5,1,,
9/23/2015,827,1,61,84,58,28,12,5,1,154,217,104,58,13,14,1,3,7,5,1,,
9/24/2015,829,1,61,84,58,28,12,5,1,153,220,104,58,13,14,1,3,7,5,1,,
9/25/2015,830,1,61,84,58,28,12,5,1,154,220,104,58,13,14,1,3,7,5,1,,
9/26/2015,830,1,61,84,58,28,12,5,1,152,222,104,58,13,14,1,3,7,5,1,,
9/27/2015,830,1,62,83,58,28,12,5,1,152,222,103,59,13,14,1,3,7,5,1,,
9/28/2015,831,1,63,83,58,28,12,5,1,152,222,104,58,13,14,1,3,7,5,1,,
9/29/2015,831,1,63,83,58,28,12,5,1,152,222,103,59,13,14,1,3,7,5,1,,
9/30/2015,830,1,63,83,57,28,12,5,1,152,222,102,60,13,14,1,3,7,5,1,,
10/1/2015,831,1,63,83,57,28,12,5,1,153,222,102,60,13,14,1,3,7,5,1,,
10/2/2015,844,1,65,86,56,28,12,5,1,158,224,102,61,13,14,1,4,7,5,1,,
10/3/2015,846,1,66,86,56,28,12,5,1,159,224,102,61,13,14,1,4,7,5,1,,
10/4/2015,847,1,67,86,56,28,12,5,1,159,224,102,61,13,14,1,4,7,5,1,,
10/5/2015,846,1,67,86,56,28,12,5,1,158,224,102,61,13,14,1,4,7,5,1,,
10/6/2015,850,1,67,86,56,29,12,5,1,159,225,102,62,13,14,1,4,7,5,1,,
10/7/2015,851,1,67,85,57,29,12,5,1,158,227,101,63,13,14,1,4,7,5,1,,
10/8/2015,852,1,67,85,57,29,12,5,1,156,228,102,64,13,14,1,4,7,5,1,,
10/9/2015,852,1,67,85,57,29,12,5,1,155,229,102,64,13,14,1,4,7,5,1,,
10/10/2015,852,1,67,85,57,29,12,5,1,154,230,102,64,13,14,1,4,7,5,1,,
10/11/2015,852,1,67,86,56,29,12,5,1,159,226,101,64,13,14,1,4,7,5,1,,
10/12/2015,852,1,67,86,56,29,12,5,1,158,227,101,64,13,14,1,4,7,5,1,,
10/13/2015,852,1,67,85,57,29,12,5,1,158,227,101,64,13,14,1,4,7,5,1,,
10/14/2015,852,1,67,85,57,29,12,5,1,158,227,101,64,13,14,1,4,7,5,1,,
10/15/2015,853,1,68,85,57,29,12,5,1,158,227,101,64,13,14,1,4,7,5,1,,
10/16/2015,855,1,68,85,57,29,12,5,1,158,229,101,64,13,14,1,4,7,5,1,,
10/17/2015,855,1,68,85,57,29,12,5,1,158,229,101,64,13,14,1,4,7,5,1,,
10/18/2015,856,1,68,85,57,29,12,5,2,157,230,101,64,13,14,1,4,7,5,1,,
10/19/2015,857,1,68,85,57,29,12,5,2,156,230,103,64,13,14,1,4,7,5,1,,
10/20/2015,857,1,68,85,57,29,12,5,2,156,230,103,63,13,14,1,5,7,5,1,,
10/21/2015,858,1,68,85,57,29,12,5,2,157,230,103,63,13,14,1,5,7,5,1,,
10/22/2015,859,1,68,85,57,29,12,5,2,157,231,103,63,13,14,1,5,7,5,1,,
10/23/2015,861,1,68,85,57,30,12,6,2,156,232,103,63,13,14,1,5,7,5,1,,
10/24/2015,861,1,68,85,57,30,12,6,2,156,232,103,63,13,14,1,5,7,5,1,,
10/25/2015,862,1,68,86,57,30,12,6,2,156,232,103,63,13,14,1,5,7,5,1,,
10/26/2015,862,1,68,86,57,30,12,6,2,156,233,102,63,13,14,1,5,7,5,1,,
10/27/2015,864,1,68,86,57,30,12,6,2,156,234,102,63,14,14,1,5,7,5,1,,
10/28/2015,866,1,68,87,57,30,12,6,2,155,236,102,63,14,14,1,5,7,5,1,,
10/29/2015,869,1,68,88,57,30,12,6,2,154,238,103,63,14,14,1,5,7,5,1,,
10/30/2015,870,1,68,88,57,30,12,6,2,154,239,103,63,14,14,1,5,7,5,1,,
10/31/2015,874,1,68,88,58,31,12,6,2,154,240,103,63,15,14,1,5,7,5,1,,
11/1/2015,877,1,68,88,58,32,12,6,2,155,240,103,64,15,14,1,5,7,5,1,,
11/2/2015,879,1,69,88,58,32,12,6,2,155,241,103,64,15,14,1,5,7,5,1,,
11/3/2015,922,1,79,93,58,32,12,6,2,176,248,103,64,15,14,1,5,7,5,1,,
11/4/2015,931,1,81,94,58,31,13,6,2,182,248,103,64,15,14,1,5,7,5,1,,
11/5/2015,933,1,83,94,58,31,13,6,2,182,249,102,64,15,14,1,5,7,5,1,,
11/6/2015,935,1,84,94,58,31,13,6,2,182,249,102,64,15,14,1,6,7,5,1,,
11/7/2015,937,1,84,94,58,32,13,6,2,183,248,103,64,15,14,1,6,7,5,1,,
11/8/2015,939,1,85,94,58,32,13,6,2,183,249,103,64,15,14,1,6,7,5,1,,
11/9/2015,941,1,86,95,58,32,13,6,2,183,249,103,64,15,14,1,6,7,5,1,,
11/10/2015,943,1,86,95,59,32,13,6,2,183,249,104,64,15,14,1,6,7,5,1,,
11/11/2015,944,1,86,95,60,32,13,6,2,182,250,104,64,15,14,1,6,7,5,1,,
11/12/2015,944,1,86,95,60,32,13,6,2,182,250,104,64,15,14,1,6,7,5,1,,
11/13/2015,951,1,86,95,61,33,13,6,2,183,251,105,66,15,14,1,6,7,5,1,,
11/14/2015,950,1,86,95,61,33,13,6,2,183,251,104,66,15,14,1,6,7,5,1,,
11/15/2015,951,1,86,95,61,33,13,6,2,183,251,104,66,15,15,1,6,7,5,1,,
11/16/2015,951,1,86,95,61,33,13,6,2,183,251,104,66,15,15,1,6,7,5,1,,
11/17/2015,951,1,86,95,61,33,13,6,2,183,251,104,66,15,15,1,6,7,5,1,,
11/18/2015,953,1,86,96,61,33,13,6,2,183,252,104,66,15,15,1,6,7,5,1,,
11/19/2015,953,1,86,96,61,33,13,6,2,183,252,104,66,15,15,1,6,7,5,1,,
11/20/2015,953,1,85,97,61,33,13,6,2,182,253,104,66,15,15,1,6,7,5,1,,
11/21/2015,953,1,85,97,61,33,13,6,2,182,253,104,66,15,15,1,6,7,5,1,,
11/22/2015,955,1,85,97,61,33,13,6,2,182,253,106,66,15,15,1,6,7,5,1,,
11/23/2015,958,1,86,97,61,33,13,6,2,183,253,106,66,15,15,1,6,8,5,1,,
11/24/2015,958,1,85,97,61,33,13,6,2,183,253,107,66,15,15,1,6,8,5,1,,
11/25/2015,957,1,84,97,61,33,13,6,2,182,254,107,66,15,15,1,6,8,5,1,,
11/26/2015,959,1,84,97,60,34,13,6,2,183,254,108,66,15,15,1,6,8,5,1,,
11/27/2015,959,1,84,97,60,34,13,6,2,183,254,108,66,15,15,1,6,8,5,1,,
11/28/2015,960,1,84,97,61,33,13,6,2,183,254,108,66,15,15,1,7,8,5,1,,
11/29/2015,960,1,84,97,60,34,13,6,2,183,254,108,66,15,15,1,7,8,5,1,,
11/30/2015,963,1,84,97,60,34,13,6,2,183,256,108,67,15,15,1,7,8,5,1,,
12/1/2015,963,1,84,97,60,34,13,6,2,183,256,108,67,15,15,1,7,8,5,1,,
12/2/2015,965,1,83,98,60,34,13,6,2,185,256,108,67,15,15,1,7,8,5,1,,
12/3/2015,972,1,84,101,60,34,13,6,3,185,257,109,67,15,15,1,7,8,5,1,,
12/4/2015,975,1,84,101,60,34,13,6,3,187,258,109,67,15,15,1,7,8,5,1,,
12/5/2015,976,1,84,101,60,34,13,6,3,187,259,109,66,16,15,1,7,8,5,1,,
12/6/2015,976,1,84,101,60,34,13,6,3,187,259,109,66,16,15,1,7,8,5,1,,
12/7/2015,979,1,84,101,60,34,13,6,3,187,259,111,66,16,15,1,7,9,5,1,,
12/8/2015,979,1,84,101,60,34,13,6,3,187,259,111,66,16,15,1,7,9,5,1,,
12/9/2015,983,1,84,102,60,34,13,6,3,188,260,111,67,16,15,1,7,9,5,1,,
12/10/2015,983,1,84,102,60,34,13,6,3,188,260,111,67,16,15,1,7,9,5,1,,
12/11/2015,984,1,85,102,60,34,13,6,3,189,259,111,67,16,15,1,7,9,5,1,,
12/12/2015,985,1,85,103,60,34,13,6,3,189,259,111,67,16,15,1,7,9,5,1,,
12/13/2015,985,1,85,103,60,34,13,6,3,189,259,111,67,16,15,1,7,9,5,1,,
12/14/2015,985,1,85,103,60,34,13,6,3,189,259,111,67,16,15,1,7,9,5,1,,
12/15/2015,991,1,85,103,60,34,13,6,3,193,261,111,67,16,15,1,7,9,5,1,,
12/16/2015,994,1,86,103,60,34,13,6,3,195,261,111,67,16,15,1,7,9,5,1,,
12/17/2015,996,1,86,104,61,34,13,6,2,195,262,111,67,16,15,1,7,9,5,1,,
12/18/2015,997,1,85,105,61,34,13,6,3,195,262,111,67,16,15,1,7,9,5,1,,
12/19/2015,998,1,85,105,61,34,13,6,3,195,263,111,67,16,15,1,7,9,5,1,,
12/20/2015,998,1,85,105,61,34,13,6,3,195,263,111,67,16,15,1,7,9,5,1,,
12/21/2015,1007,1,85,105,63,35,13,7,3,197,264,112,68,16,15,1,7,9,5,1,,
12/22/2015,1008,1,85,106,63,35,13,7,3,197,264,112,68,16,15,1,7,9,5,1,,
12/23/2015,1008,1,85,106,63,35,13,7,3,197,263,113,68,16,15,1,7,9,5,1,,
12/24/2015,1010,1,85,106,63,35,13,7,3,197,264,113,69,16,15,1,7,9,5,1,,
12/25/2015,1011,1,85,106,63,35,13,7,3,198,264,113,69,16,15,1,7,9,5,1,,
12/26/2015,1014,1,86,106,63,35,13,7,3,198,266,113,69,16,15,1,7,9,5,1,,
12/27/2015,1016,1,86,106,63,35,13,7,3,199,267,113,69,16,15,1,7,9,5,1,,
12/28/2015,1017,1,86,106,63,35,13,7,3,200,267,113,69,16,15,1,7,9,5,1,,
12/29/2015,1018,1,86,106,63,35,13,7,3,200,267,113,69,16,16,1,7,9,5,1,,
12/30/2015,1023,1,86,106,64,36,13,7,3,200,268,114,69,16,16,1,8,9,5,1,,
12/31/2015,1023,1,86,106,64,36,13,7,3,200,268,114,69,16,16,1,8,9,5,1,,
1/1/2016,1023,0,87,106,64,36,13,7,3,199,269,114,69,16,16,1,8,9,5,1,,
1/2/2016,1023,0,88,105,64,36,13,7,3,199,269,114,69,16,16,1,8,9,5,1,,
1/3/2016,1024,0,88,105,64,36,13,7,3,199,270,114,69,16,16,1,8,9,5,1,,
1/4/2016,1025,0,88,105,64,36,13,7,3,199,270,114,69,16,16,1,8,9,6,1,,
1/5/2016,1025,0,88,105,64,36,13,7,3,199,270,114,69,16,16,1,8,9,6,1,,
1/6/2016,1027,0,88,106,64,36,13,7,3,199,271,114,69,16,16,1,8,9,6,1,,
1/7/2016,1027,0,88,106,64,36,13,7,3,199,271,114,69,16,16,1,8,9,6,1,,
1/8/2016,1027,0,88,106,64,36,13,7,3,199,271,114,69,16,16,1,8,9,6,1,,
1/9/2016,1027,0,88,106,64,36,13,7,3,199,271,114,69,16,16,1,8,9,6,1,,
1/10/2016,1027,0,88,106,64,36,13,7,3,199,271,112,71,16,16,1,8,9,6,1,,
1/11/2016,1029,0,88,106,64,36,13,7,3,200,272,112,71,16,16,1,8,9,6,1,,
1/12/2016,1030,0,88,106,64,36,13,7,3,200,273,112,71,16,16,1,8,9,6,1,,
1/13/2016,1032,0,88,106,64,36,13,7,3,200,274,112,71,16,16,1,9,9,6,1,,
1/14/2016,1033,0,88,106,64,36,13,7,3,200,274,112,72,16,16,1,9,9,6,1,,
1/15/2016,1033,0,87,107,64,36,13,7,3,199,275,112,72,16,16,1,9,9,6,1,,
1/16/2016,1033,0,87,107,64,36,13,7,3,199,275,112,72,16,16,1,9,9,6,1,,
1/17/2016,1034,0,87,107,64,36,13,7,3,199,276,112,72,16,16,1,9,9,6,1,,
1/18/2016,1036,0,87,107,64,36,13,7,3,201,276,112,72,16,16,1,9,9,6,1,,
1/19/2016,1064,0,96,109,64,36,13,8,4,213,279,112,72,16,16,1,9,9,6,1,,
1/20/2016,1070,0,99,109,64,36,13,8,4,215,280,112,72,16,16,1,9,9,6,1,,
1/21/2016,1070,0,99,109,64,36,13,7,4,215,281,112,72,16,16,1,9,9,6,1,,
1/22/2016,1073,0,99,109,64,36,13,7,4,216,281,112,72,17,16,2,9,9,6,1,,
1/23/2016,1076,0,100,109,64,36,13,7,4,216,282,112,73,17,16,2,9,9,6,1,,
1/24/2016,1077,0,100,109,64,36,13,7,4,217,282,112,73,17,16,2,9,9,6,1,,
1/25/2016,1078,0,100,110,64,36,13,7,4,217,282,112,73,17,16,2,9,9,6,1,,
1/26/2016,1080,0,101,110,64,36,13,7,4,218,282,112,73,17,16,2,9,9,6,1,,
1/27/2016,1082,0,101,110,64,36,13,7,4,217,282,114,73,17,17,2,9,9,6,1,,
1/28/2016,1083,0,101,110,64,36,13,7,4,217,283,114,73,17,17,2,9,9,6,1,,
1/29/2016,1084,0,101,110,64,36,13,7,4,218,283,114,73,17,17,2,9,9,6,1,,
1/30/2016,1084,0,101,110,64,36,13,7,4,218,283,114,73,17,17,2,9,9,6,1,,
1/31/2016,1084,0,101,110,64,36,13,7,4,217,284,114,73,17,17,2,9,9,6,1,,
2/1/2016,1084,0,101,110,64,36,13,7,4,217,284,114,73,17,17,2,9,9,6,1,,
2/2/2016,1084,0,101,110,64,35,14,7,4,217,284,114,73,17,17,2,9,9,6,1,,
2/3/2016,1084,0,101,110,64,35,14,7,4,217,284,114,73,17,17,2,9,9,6,1,,
2/4/2016,1085,0,101,111,64,35,14,7,4,217,284,114,73,17,17,2,9,9,6,1,,
2/5/2016,1085,0,101,111,64,35,14,7,4,217,284,114,73,17,17,2,9,9,6,1,,
2/6/2016,1085,0,101,111,64,35,14,7,4,216,285,114,73,17,17,2,9,9,6,1,,
2/7/2016,1086,0,101,111,64,35,14,7,4,216,286,114,73,17,17,2,9,9,6,1,,
2/8/2016,1088,0,102,111,64,36,14,7,4,215,287,114,73,17,17,2,9,9,6,1,,
2/9/2016,1090,0,102,111,64,36,14,7,4,215,287,116,73,17,17,2,9,9,6,1,,
2/10/2016,1091,0,102,112,64,36,14,7,4,215,287,116,73,17,17,2,9,9,6,1,,
2/11/2016,1092,0,102,112,64,37,14,7,4,214,288,116,73,17,17,2,9,9,6,1,,
2/12/2016,1092,0,102,112,64,37,14,7,4,214,288,116,73,17,17,2,9,9,6,1,,
2/13/2016,1092,0,102,112,64,37,14,7,4,214,288,116,73,17,17,2,9,9,6,1,,